<?xml version="1.0" encoding="utf-8"?>
<!DOCTYPE hibernate-configuration SYSTEM 
"http://www.hibernate.org/dtd/hibernate-configuration-3.0.dtd">

<hibernate-configuration>
   <session-factory>
       <property name="hbm2ddl.auto"> update </property>
       <property name="show_sql"> false </property>
   <property name="hibernate.dialect">
      org.hibernate.dialect.MySQL5Dialect
   </property>
   <property name="hibernate.connection.driver_class">
      com.mysql.jdbc.Driver
   </property>

   <!-- Assume test is the database name -->
   <property name="hibernate.connection.url">
      jdbc:mysql://localhost/geo_city
   </property>
   <property name="hibernate.connection.username">
      root
   </property>
   <property name="hibernate.connection.password">
      root
   </property>

   <!-- List of XML mapping files -->
   <mapping resource="City.hbm.xml"/>

</session-factory>
</hibernate-configuration>