<?xml version='1.0' encoding='UTF-8'?>  
    <!DOCTYPE hibernate-mapping PUBLIC  
     "-//Hibernate/Hibernate Mapping DTD 3.0//EN"  
     "http://hibernate.sourceforge.net/hibernate-mapping-3.0.dtd">  
      
     <hibernate-mapping>  
      <class name="softcons.citysearch.model.City" table="geolocation">  
        <id name="id">  
         <generator class="identity"></generator>  
        </id>  
                
        <property name="country"></property>  
        <property name="region"></property>
        <property name="city"></property>
        <property name="postalCode"></property>
        <property name="latitude"></property>
        <property name="longitude"></property>
        <property name="metroCode"></property>
        <property name="areaCode"></property>   
                
      </class>  
                
     </hibernate-mapping> 
